tema,pregunta,respuesta,palabras_clave
Empresa,¿Quiénes sois?,"Somos Twitrans, un taller de vehículos industriales en Ripollet (Barcelona), en el negocio desde 2014. Hacemos reparación, taller móvil, neumáticos, plancha y pintura, suministros hidráulicos y neumáticos, y compraventa de vehículos industriales.","quiénes sois, empresa, twitrans, taller de camiones"
Empresa,¿Dónde estáis?,"Estamos en la Avda. Río Ripoll, nave 73, en Ripollet (Barcelona). Aquí tienes el mapa: https://maps.app.goo.gl/JANJiKN5tRn9K9n86","dirección, ubicación, dónde, cómo llegar, mapa, taller mecánico camiones cerca de mí, Ripollet"
Empresa,¿Qué zona cubrís?,Trabajamos sobre todo en la provincia de Barcelona y damos servicio de taller móvil en toda Cataluña. La compraventa de vehículos industriales la hacemos en toda España.,"zona, Cataluña, Barcelona, cobertura, toda España, hasta dónde"
Empresa,¿Qué os diferencia de otros talleres?,"Tres cosas: rapidez, porque un vehículo parado cuesta dinero; profesionalidad, con una solución integral y personal cualificado; y un precio ajustado, con tarifas competitivas y transparentes.","diferencia, por qué elegiros, ventajas"
Empresa,¿A quién atendéis?,"A empresas de transporte, gestores de flotas, autónomos, empresas de logística y propietarios de camiones, furgonetas y maquinaria industrial. También a particulares que necesiten comprar, vender o reparar un vehículo industrial.","clientes, empresas, autónomos, flotistas, logística"
Empresa,¿Qué vehículos reparáis?,"Todo tipo de vehículos industriales y pesados: camiones, furgonetas, autobuses, remolques y maquinaria comercial.","vehículos, camiones, furgonetas, autobuses, remolques, maquinaria"
Empresa,¿Reparáis turismos o coches particulares?,"No. Estamos especializados exclusivamente en vehículos industriales: camiones, furgonetas y maquinaria comercial. No podemos ayudarte con turismos ni motos.","turismo, coche, moto, particular, vehículo particular"
Empresa,¿Trabajáis con recambios originales?,Sí. Trabajamos con recambios originales y de primeras marcas homologadas para asegurar la máxima durabilidad del vehículo.,"recambios, originales, piezas, marcas"
Horarios,¿Cuál es vuestro horario?,"De lunes a viernes, de 8:00 a 14:00 y de 15:00 a 19:00.","horario, abrís, hora, cuándo abrís, abierto"
Horarios,¿Abrís los sábados o domingos?,"No. Sábados, domingos y festivos el taller permanece cerrado. El taller móvil tampoco sale en fin de semana ni en festivos.","sábado, domingo, fin de semana, festivo"
Horarios,¿Cerráis por vacaciones?,"Cerramos los festivos oficiales de Barcelona y Cataluña, y la segunda quincena de agosto por vacaciones. Para fechas concretas, te lo confirma el equipo.","vacaciones, agosto, festivos, cerrado"
Horarios,"Escribo con el taller cerrado, ¿qué hago?","Déjame tus datos de contacto y tu consulta, y el equipo te contesta en cuanto abra. Si es una urgencia, cuéntame qué le pasa al vehículo y dónde está para que se avise con prioridad.","cerrado, fuera de horario, noche, urgencia fuera de horario"
Horarios,¿Cuándo me responde una persona del equipo?,"El mismo día laborable, y antes si es una urgencia.","tiempo de respuesta, cuándo me contestan, respuesta"
Reparación,¿Qué incluye la reparación de vehículos industriales?,"Mecánica general, diagnóstico electrónico, motor, caja de cambios, embragues, frenos, suspensión y preparación para la ITV.","reparación, avería, mecánica, motor, frenos, embrague, suspensión, caja de cambios, diagnosis, reparación furgonetas industriales"
Reparación,¿Cuánto tardáis en dar un diagnóstico?,"El diagnóstico habitual está en 24 a 48 horas, según la avería. El plazo de reparación lo confirma el mecánico después del diagnóstico.","plazo, cuánto tardáis, diagnóstico, cuánto tarda, tiempo"
Reparación,¿Hace falta cita previa para llevar el camión?,"Para mantenimientos programados, reparaciones mecánicas y plancha y pintura recomendamos pedir cita. Para urgencias, pinchazos, mangueras, suministros hidráulicos y neumáticos te atendemos directamente.","cita, cita previa, reservar, pedir hora"
Reparación,¿Lleváis el vehículo a pasar la ITV?,Sí. Hacemos la revisión pre-ITV completa y nos encargamos de llevar el vehículo a la estación de ITV. La tarifa de la pre-ITV se consulta al pedir presupuesto.,"ITV, pre-ITV, revisión, inspección técnica"
Reparación,¿Ofrecéis mantenimiento para flotas?,"Sí. Hacemos planes de mantenimiento preventivo adaptados al kilometraje y a las necesidades de cada flota, para evitar averías graves.","mantenimiento, flota, preventivo, kilometraje"
Reparación,¿Tenéis vehículo de sustitución?,"No disponemos de vehículos de sustitución, pero priorizamos las reparaciones urgentes para evitar paradas en tu flota.","sustitución, vehículo de sustitución, otro camión"
Plancha y pintura,¿Hacéis plancha y pintura para camiones?,"Sí. Tenemos servicio completo de plancha y pintura industrial: reparación de chapa, eliminación de golpes y abolladuras, cabina de pintura industrial y adecuación de carrocerías.","plancha, pintura, chapa, golpes, abolladuras, carrocería, plancha y pintura camiones"
Plancha y pintura,¿Gestionáis el parte con el seguro?,Sí. La gestión de partes con las compañías de seguros está incluida.,"seguro, aseguradora, parte, siniestro"
Plancha y pintura,¿Pintáis el camión con los colores de mi empresa?,Sí. Hacemos pintura completa y adecuación de imagen corporativa para flotas en nuestra cabina industrial.,"colores, imagen corporativa, pintar flota, pintura completa"
Plancha y pintura,¿Hacéis rotulación o vinilado?,"Podemos hacer pintura completa con la imagen de tu empresa. El vinilado o la rotulación de diseño complejo no lo hacemos. Para cualquier otro caso, te lo confirma el equipo.","rotulación, vinilo, vinilado, logo"
Neumáticos,¿Qué hacéis con los neumáticos?,"Suministro, montaje, equilibrado, permutación y reparación de pinchazos para vehículos industriales.","neumáticos, ruedas, cambio de ruedas, pinchazo, equilibrado, cambio de ruedas camión urgente"
Neumáticos,¿Cambiáis neumáticos a domicilio?,"Sí, con la unidad del taller móvil, de lunes a viernes, en toda Cataluña.","ruedas a domicilio, neumáticos in situ, taller móvil neumáticos"
Neumáticos,¿Tenéis neumáticos de turismo?,No. Solo neumáticos para vehículos industriales.,neumáticos turismo
Neumáticos,¿Cuándo puedo montar los neumáticos?,"El montaje se hace en el día, con cita o si hay stock. Los pinchazos los atendemos directamente, sin cita.","montaje, stock, cita neumáticos"
Taller móvil y urgencias,¿Tenéis taller móvil para reparar en el sitio?,"Sí. Vamos a carreteras, empresas o bases de clientes para resolver averías mecánicas y eléctricas, cambiar neumáticos o atender suministros hidráulicos sin mover el vehículo.","taller móvil, asistencia en carretera, reparación in situ, taller móvil camiones cataluña, asistencia carretera camiones"
Taller móvil y urgencias,¿Hasta dónde os desplazáis?,Nuestra base está en Ripollet (Barcelona) y cubrimos con el taller móvil toda Cataluña.,"desplazamiento, distancia, hasta dónde"
Taller móvil y urgencias,¿El taller móvil sale los fines de semana?,"No. Solo de lunes a viernes, no fines de semana ni festivos.","taller móvil sábado, domingo, festivo"
Taller móvil y urgencias,¿Sois un servicio de grúa?,No. El taller móvil no sustituye a una grúa de rescate para vehículos siniestrados o totalmente inmovilizados. Cuéntame qué ha pasado y el equipo valora cómo ayudarte con la reparación.,"grúa, rescate, remolcar, siniestro"
Taller móvil y urgencias,¿Cuánto cuesta el taller móvil?,Se compone del desplazamiento más la mano de obra urgente. Te tomo los datos para que el equipo te pase la tarifa concreta.,"precio taller móvil, tarifa, desplazamiento"
Taller móvil y urgencias,"Se me ha roto una manguera trabajando, ¿qué hago?","Puedes venir directamente al taller para que te la fabriquemos al momento. Si no puedes mover la máquina, avísanos y va el taller móvil (de lunes a viernes). Dime dónde estás y un teléfono.","manguera rota, avería hidráulica, urgencia hidráulica, latiguillo roto"
Suministros hidráulicos y neumáticos,¿Qué suministros hidráulicos y neumáticos tenéis?,"Vendemos, reparamos y ensamblamos mangueras, racorería, componentes hidráulicos y neumáticos varios y accesorios para maquinaria industrial, camiones y grúas. Tenemos variedad de racores, mangueras y medidas.","suministros hidráulicos, mangueras, racores, tubería hidráulica, tubería neumática, latiguillos hidráulicos cerca de mí, accesorios grúas"
Suministros hidráulicos y neumáticos,¿Fabricáis mangueras a medida?,"Sí. Fabricamos y reparamos mangueras y suministros hidráulicos y neumáticos al momento, en nuestro taller.","fabricación, a medida, mangueras al momento"
Suministros hidráulicos y neumáticos,¿Hace falta cita para suministros hidráulicos?,No. Los suministros hidráulicos y neumáticos los atendemos directamente en el taller.,"cita hidráulica, sin cita"
Suministros hidráulicos y neumáticos,¿Instaláis los suministros?,"Sí, con montaje e instalación en el taller. El coste se consulta según el caso.","montaje, instalación"
Compraventa,¿Vendéis camiones o furgonetas de ocasión?,"Sí. Vendemos camiones y maquinaria de ocasión revisados minuciosamente en nuestro taller, con la revisión mecánica pre-entrega completa incluida.","compra, venta, ocasión, segunda mano, compraventa vehículos industriales cataluña"
Compraventa,"Quiero vender mi camión, ¿lo compráis?","Hacemos valoración para compra directa con una tasación personalizada. Cuéntame marca, modelo, año y kilómetros, y tus datos de contacto, y el equipo te responde.","vender, tasación, compra directa, valorar camión"
Compraventa,¿Vendéis fuera de Cataluña?,"Sí. La compraventa la hacemos a nivel nacional, en toda España.","venta nacional, toda España, envío"
"Presupuestos, pagos y facturas",¿Cuánto cuesta reparar mi vehículo?,"El coste depende de la avería, el tipo de vehículo industrial o el material necesario. Te tomo los datos para que te enviemos un presupuesto personalizado y sin compromiso lo antes posible.","precio, cuánto cuesta, tarifa, coste, presupuesto"
"Presupuestos, pagos y facturas",¿El presupuesto tiene coste?,No. Elaboramos presupuestos sin compromiso una vez evaluada la avería o las necesidades del vehículo.,"presupuesto gratis, sin compromiso, coste presupuesto"
"Presupuestos, pagos y facturas",¿Qué formas de pago aceptáis?,"Tarjeta, transferencia bancaria y efectivo.","pago, tarjeta, transferencia, efectivo"
"Presupuestos, pagos y facturas",¿Hay que pagar una señal?,"Según la avería, el presupuesto o la venta, puede pedirse una señal. Lo confirma el equipo al enviarte el presupuesto.","señal, anticipo, adelanto"
"Presupuestos, pagos y facturas",¿Podéis facturar a nombre de mi empresa?,"Sí. Emitimos factura oficial detallada a nombre de la empresa o del autónomo, con todos los datos fiscales.","factura, datos fiscales, empresa, autónomo"
"Presupuestos, pagos y facturas",¿Hay promociones o descuentos?,Ahora mismo no hay promociones activas. Lo que ofrecemos son presupuestos personalizados con tarifas competitivas. No podemos negociar los precios por este canal.,"promoción, descuento, oferta, rebaja, negociar"
Condiciones de venta,¿Puedo devolver un producto?,"Sí, tienes 14 días para la devolución, que es el mínimo legal. Los gastos de la devolución corren a cargo del cliente.","devolución, devolver, plazo de devolución"
Condiciones de venta,¿Qué no se puede devolver?,"Las mangueras hidráulicas fabricadas a medida, las piezas encargadas bajo pedido específico, los suministros instalados o usados, y la mano de obra de reparación y los trabajos de plancha y pintura.","excepciones devolución, no se puede devolver"
Condiciones de venta,¿Qué garantía tienen los trabajos y piezas?,"La garantía legal aplicable según la normativa para recambios, componentes y mano de obra. Si tienes un caso concreto, lo revisa el equipo.","garantía, garantizado"
Casos delicados,Estoy molesto con el trabajo que me hicieron,Lamento la molestia. Cuéntame qué ha pasado y déjame tus datos: se lo paso ahora mismo al encargado del taller para que lo revise y te contacte. No puedo adelantarte devoluciones ni compensaciones hasta que lo revise el equipo.,"queja, reclamación, mal trabajo, enfadado"
Casos delicados,Voy a denunciar / temas legales o de garantía complicados,"Entiendo. Este tema lo tiene que ver directamente el equipo. Déjame tus datos y el motivo, y se lo traslado para que te contacten.","denuncia, abogado, legal, reclamación garantía"
Casos delicados,¿Sois más económicos que otro taller?,"No puedo hablar de otros talleres. Lo que sí hacemos es un presupuesto personalizado y sin compromiso, para que veas el precio de tu caso concreto.","comparar, competencia, más barato"
Casos delicados,Necesito el vehículo para un día concreto,"El plazo lo confirma el mecánico después del diagnóstico, que habitualmente está en 24 a 48 horas. Si me dices qué le pasa y para cuándo lo necesitas, se lo paso al equipo con esa prioridad.","plazo, urgente, para el jueves, fecha de entrega"
Casos delicados,¿Eres una persona o un robot?,"Soy Javier, el asistente virtual de Twitrans. El equipo del taller te atiende a continuación con lo que necesites.","robot, persona, humano, bot"
Casos delicados,Quiero hablar con una persona,"Claro. Déjame tu nombre, un teléfono y el motivo, y el equipo te contacta el mismo día laborable, o antes si es urgente.","hablar con alguien, llamar, teléfono, humano"
